ParagraphID,KeywordID
1,1
2,2
3,3
4,4
5,5
6,6
7,7
8,8
9,8
10,8
11,9
12,8
13,10
14,5
15,11
16,12
17,13
18,5
19,14
20,5
21,2
22,8
23,5
24,15
25,8
26,16
27,17
28,5
29,18
30,5
31,8
32,19
33,20
34,21
35,22
36,5
37,23
38,5
39,5
40,5
41,24
42,25
43,5
44,26
45,5
46,27
47,3
48,28
49,29
50,5
51,2
52,2
53,20
54,2
55,30
56,13
57,2
58,2
59,2
60,9
61,13
62,2
63,2
64,31
65,32
66,33
67,2
68,31
69,34
70,35
71,13
72,34
73,31
74,34
75,35
76,36
77,34
78,34
79,31
80,34
81,34
82,34
83,37
84,34
85,34
86,34
87,7
88,38
89,7
90,34
91,39
92,40
93,38
94,41
95,34
96,38
97,7
98,42
99,43
100,44
101,7
102,38
103,45
104,46
105,47
106,48
107,49
108,50
109,38
110,51
111,52
112,53
113,54
114,55
115,38
116,56
117,7
118,57
119,34
120,58
121,7
122,59
123,8
124,60
125,61
126,62
127,63
128,64
129,43
130,38
131,65
132,7
133,66
134,67
135,65
136,68
137,42
138,7
139,69
140,7
141,7
142,70
143,71
144,72
145,73
146,74
147,57
148,74
149,75
150,76
151,77
152,7
153,78
154,38
155,43
156,79
157,80
158,66
159,7
160,7
161,7
162,7
163,81
164,82
165,43
166,42
167,42
168,83
169,84
170,54
171,42
172,64
173,38
174,64
175,85
176,42
177,42
178,42
179,86
180,87
181,88
182,42
183,89
184,42
185,90
186,42
187,42
188,91
189,92
190,93
191,87
192,42
193,42
194,42
195,42
196,42
197,42
198,42
199,42
200,42
201,94
202,95
203,42
204,96
205,42
206,42
207,42
208,97
209,98
210,99
211,100
212,42
213,101
214,42
215,42
216,102
217,103
218,104
219,42
220,105
221,106
222,106
223,42
224,42
225,42
226,42
227,107
228,107
229,42
230,107
231,108
232,107
233,109
234,42
235,42
236,82
237,42
238,102
239,42
240,42
241,102
242,110
243,111
244,112
245,113
246,111
247,111
248,111
249,114
250,114
251,110
252,106
253,9
254,114
255,42
256,115
257,116
258,117
259,118
260,119
261,120
262,110
263,121
264,114
265,114
266,122
267,123
268,124
269,19
270,125
271,126
272,114
273,19
274,127
275,128
276,114
277,129
278,114
279,130
280,131
281,132
282,133
283,134
284,114
285,135
286,24
287,136
288,137
289,19
290,138
291,139
292,140
293,141
294,114
295,31
296,142
297,143
298,144
299,31
300,144
301,144
302,144
303,145
304,31
305,144
306,3
307,146
308,114
309,3
310,31
311,147
312,144
313,114
314,144
315,148
316,2
317,149
318,31
319,65
320,150
321,151
322,152
323,153
324,154
325,154
326,65
327,155
328,156
329,157
330,153
331,65
332,65
333,154
334,150
335,154
336,154
337,150
338,158
339,159
340,154
341,160
342,154
343,154
344,161
345,154
346,65
347,150
348,65
349,151
350,65
351,65
352,65
353,162
354,151
355,65
356,151
357,151
358,65
359,65
360,163
361,154
362,163
363,155
364,164
365,163
366,163
367,153
368,65
369,163
370,163
371,165
372,166
373,154
374,154
375,164
376,150
377,167
378,154
379,65
380,168
381,154
382,169
383,170
384,171
385,65
386,65
387,151
388,154
389,172
390,151
391,65
392,150
393,173
394,174
395,175
396,176
397,177
398,177
399,177
400,178
401,179
402,180
403,174
404,146
405,181
406,182
407,177
408,174
409,183
410,146
411,174
412,146
413,177
414,177
415,184
416,185
417,177
418,185
419,174
420,174
421,174
422,177
423,174
424,173
425,186
426,187
427,174
428,173
429,174
430,174
431,146
432,146
433,186
434,188
435,186
436,177
430,174
437,174
438,174
439,146
440,174
441,174
442,146
443,174
444,146
445,174
446,177
447,187
448,146
449,174
450,146
451,186
452,146
453,177
454,146
455,173
456,186
457,174
458,146
459,186
460,177
461,146
462,189
463,186
464,186
465,174
466,174
467,146
468,146
469,174
470,174
471,190
472,190
430,174
473,174
474,190
475,174
476,191
477,174
478,173
430,177
479,192
480,190
481,174
482,174
483,174
484,174
485,174
486,193
487,174
488,173
489,146
490,174
491,146
492,174
493,194
494,174
495,146
496,146
497,195
498,177
499,196
500,185
501,185
502,174
503,174
504,146
505,197
506,174
507,174
508,174
509,174
510,146
511,174
430,177
512,174
513,146
514,177
515,174
516,174
517,198
518,173
519,174
520,177
521,174
522,199
523,174
524,174
525,173
526,146
527,146
528,174
529,174
530,174
531,174
532,146
533,174
534,200
535,194
536,174
537,146
538,146
539,185
540,146
541,174
542,146
543,174
544,146
545,173
546,177
547,146
548,174
549,174
550,174
551,174
552,174
553,146
554,174
555,174
556,173
557,146
558,174
559,201
560,174
561,202
562,146
563,174
564,174
565,177
566,174
567,146
568,174
569,174
430,189
570,174
571,174
572,174
573,203
574,146
575,174
576,174
577,173
578,146
579,177
580,174
581,177
582,146
583,146
584,174
585,146
586,174
587,173
588,174
589,177
590,174
591,174
592,204
593,174
594,173
595,174
596,146
597,174
430,177
598,174
599,174
600,146
601,177
602,173
603,173
604,174
430,174
605,173
606,174
607,177
608,174
609,174
610,185
611,173
612,146
613,174
614,146
615,195
616,146
617,185
618,146
619,173
620,205
621,186
622,132
623,174
624,174
625,146
626,174
627,30
628,174
629,177
630,177
631,174
632,173
633,146
634,174
635,174
430,177
636,173
637,146
638,173
430,177
639,174
640,174
641,178
642,185
643,206
644,207
645,146
646,173
647,174
648,146
649,174
650,146
651,174
652,208
653,174
654,146
655,173
656,146
657,174
658,174
659,173
660,146
661,173
662,185
663,190
664,185
665,146
666,146
667,209
668,174
669,174
670,174
671,177
672,177
673,173
674,210
675,209
676,174
677,146
678,174
679,186
680,173
681,188
682,146
683,174
684,202
449,173
685,211
686,146
687,212
688,174
689,174
690,174
691,174
692,174
693,186
694,146
695,146
696,173
697,174
698,174
699,188
700,174
701,146
702,174
703,174
704,146
705,188
706,146
707,177
708,213
709,177
710,146
711,186
712,174
713,146
714,146
715,174
716,174
717,214
718,215
719,173
720,173
721,185
722,146
723,173
724,177
725,177
726,185
727,146
728,174
729,216
730,173
731,185
732,173
733,146
734,185
735,146
736,174
737,174
738,174
739,146
740,174
741,174
742,146
743,174
744,217
745,174
746,174
747,173
748,174
749,173
750,173
751,185
752,174
753,185
754,174
755,174
756,177
757,146
758,218
759,218
760,218
761,219
762,218
763,220
764,218
765,219
766,218
767,218
768,218
769,218
770,218
771,221
772,218
773,218
774,218
775,218
776,222
777,223
778,218
779,218
780,218
781,218
782,218
783,218
784,224
785,218
786,218
787,218
788,218
789,218
790,225
791,226
792,218
793,227
794,218
795,228
796,218
797,218
798,229
799,230
800,231
801,218
802,218
803,218
804,226
805,218
806,218
807,218
808,232
809,218
810,233
811,218
812,234
813,226
814,235
815,236
816,237
817,218
818,218
819,238
820,218
821,233
822,233
823,218
824,239
825,218
826,240
827,218
828,218
829,241
830,218
831,218
832,230
833,242
834,218
835,218
836,218
837,167
838,219
839,243
840,244
841,218
842,218
843,227
844,245
845,245
846,246
847,247
848,248
849,218
850,218
851,218
852,249
853,218
854,218
855,218
856,218
857,218
858,218
859,218
860,232
861,218
862,218
863,167
864,218
865,250
866,251
867,218
868,232
869,219
870,218
871,252
872,230
873,218
874,232
875,218
876,253
877,218
878,167
879,254
880,218
881,218
882,218
883,219
884,255
885,218
886,218
887,218
888,218
889,256
890,218
891,257
892,218
893,218
894,218
895,218
896,218
897,218
898,218
899,245
900,258
901,259
902,226
903,218
904,260
905,218
906,261
907,260
908,218
909,218
910,218
911,218
912,262
913,218
914,219
915,218
916,218
917,263
918,218
919,260
920,218
921,218
922,260
923,218
924,218
925,218
926,218
927,218
928,218
929,218
930,219
931,218
932,167
933,218
934,218
935,218
936,226
937,260
938,264
939,218
940,218
941,218
942,265
943,227
944,218
945,218
946,266
947,227
948,218
949,218
950,167
951,240
952,227
953,227
954,218
955,218
956,167
957,218
958,227
959,246
960,218
961,218
962,218
963,218
964,267
965,268
966,218
967,218
968,218
969,218
970,218
971,218
972,218
973,269
974,218
975,218
976,256
977,218
978,218
979,270
980,218
981,218
982,167
983,271
984,218
985,272
986,273
987,274
988,275
989,218
990,218
991,276
992,269
993,218
994,277
995,278
996,218
997,279
998,218
999,218
1000,218
1001,218
1002,218
1003,218
1004,218
1005,167
1006,218
1007,219
1008,218
1009,226
1010,218
1011,218
1012,218
1013,218
1014,218
1015,218
1016,280
1017,281
1018,218
1019,218
1020,218
1021,218
1022,282
1023,283
1024,284
1025,218
1026,218
1027,285
1028,218
1029,218
1030,218
1031,220
1032,218
1033,286
1034,226
1035,218
1036,218
1037,218
1038,282
1039,167
1040,236
1041,218
1042,218
1043,287
1044,170
1045,218
1046,218
1047,218
1048,237
1049,167
1050,218
1051,218
1052,218
1053,280
1054,237
1055,167
1056,226
1057,218
1058,167
1059,288
1060,218
1061,167
1062,289
1063,290
1064,218
1065,218
1066,167
910,167
1067,218
1068,218
1069,218
1070,291
1071,218
1072,292
1073,218
1074,293
1075,218
1076,219
1077,218
1078,294
1079,170
1080,167
1081,218
1082,218
1083,218
1084,167
1085,218
1086,295
1087,296
1088,297
1089,298
1090,228
1091,237
1092,299
1093,240
1094,300
1095,301
1096,296
1097,260
1098,302
1099,237
1100,303
1101,246
1102,246
1103,303
1104,228
1105,304
1106,305
1107,228
1108,237
1109,240
1110,228
1111,306
1112,307
1113,308
1114,245
1115,232
1116,308
1117,309
1118,310
1119,228
1120,311
1121,228
1122,228
1123,228
1124,228
1125,228
1126,312
1127,219
1128,246
1129,313
1130,228
1131,314
1132,315
1133,316
1134,317
1135,222
1136,318
1137,319
1138,320
1139,246
1140,318
1141,321
1142,304
1143,318
1144,319
1145,260
1146,322
1147,323
1148,324
1149,325
1150,319
1151,326
1152,327
1153,328
1154,38
1155,228
1156,329
1157,330
1158,331
1159,332
1160,332
1161,332
1162,333
1163,38
1164,334
1165,335
1166,336
1167,334
1168,237
1169,337
1170,190
1168,237
1171,338
1172,237
1173,339
1174,38
1175,246
1176,222
1177,340
1168,237
1178,341
1179,342
1180,343
1181,246
1168,344
1182,345
1168,246
1183,260
1184,346
1185,347
1186,348
1187,349
1188,237
1189,350
1190,351
1191,352
1192,353
1193,353
1194,353
1195,38
1196,353
1197,353
1198,353
1199,222
1200,354
1201,326
1202,355
1203,356
1204,237
1205,357
1206,358
1207,359
1208,360
1209,361
1210,237
1211,362
1212,353
1213,353
1214,222
1215,357
1216,357
1217,363
1218,364
1219,365
1220,357
1221,366
1222,228
1223,353
1224,361
1225,355
1226,367
1227,355
1228,328
1229,222
1230,357
1231,368
1232,303
1233,303
1234,353
1235,369
1236,370
1237,371
1238,304
1239,372
1240,373
1241,374
1242,375
1243,38
1244,376
1245,377
1246,333
1247,38
1248,378
1249,379
1250,38
1251,376
1252,222
1253,303
1254,380
1255,337
1256,358
1257,222
1258,38
1259,381
1260,381
1261,381
1262,335
1263,382
1264,383
1265,335
1266,335
1267,303
1268,384
1269,385
1270,222
1271,228
1272,386
1273,38
1274,387
1275,388
1276,146
1277,228
1278,146
1279,389
1280,390
1281,391
1282,3
1283,392
1284,335
1285,335
1286,393
1287,336
1288,386
1289,394
1290,395
1291,396
1292,397
1293,398
1294,352
1295,399
1296,352
1297,400
1298,401
1299,402
1300,403
1301,38
1302,404
1303,401
1304,401
1305,405
1306,406
1307,407
1308,408
1309,409
1310,401
1292,410
1311,401
1292,383
1312,400
1313,401
1314,411
1292,304
1315,260
1316,412
1317,146
1318,146
1319,413
1320,414
1321,228
1322,304
1323,240
1324,415
1325,416
1326,417
1308,380
1327,335
1328,418
1329,307
1330,419
1331,205
1332,420
1333,228
1334,237
1335,421
1336,422
1337,423
1338,392
1339,420
1340,424
1341,425
1342,426
1343,167
1344,392
1345,235
1346,237
1347,421
1348,421
1349,427
1350,428
1351,392
1352,237
1353,429
1354,430
1355,333
1356,222
1357,431
1358,432
1359,237
1360,433
1361,392
1362,392
1363,434
1364,435
1365,436
1366,437
1367,438
1368,439
1369,146
1370,146
1371,440
1372,441
1373,392
1374,442
1375,443
1376,444
1377,380
1378,445
1379,445
1380,296
1381,446
1382,447
1372,448
1383,449
1384,449
1385,449
1372,304
1386,450
1372,451
1387,452
1372,304
1388,453
1389,454
1372,387
1390,455
1391,456
1392,457
1393,458
1394,459
1395,460
1396,461
1397,228
1398,462
1399,303
1400,463
1401,338
1402,464
1403,260
1404,260
1405,260
1406,237
1407,462
1408,462
1409,260
1410,260
1411,303
1412,465
1413,146
1414,466
1415,146
1416,467
1417,468
1418,469
1419,470
1420,471
1421,472
1422,473
1423,474
1424,303
1425,475
1426,304
1427,476
1426,477
1428,478
1429,479
1430,335
1431,296
1432,480
1433,260
1434,222
1435,333
1436,235
1437,481
1438,260
1439,482
1440,260
1441,483
1442,484
1443,410
1444,228
1445,485
1446,260
1447,462
1448,475
1449,333
1450,486
1451,486
1452,462
1453,487
1454,228
1455,488
1456,489
1457,325
1458,475
1459,358
1460,459
1461,228
1462,490
1463,228
1464,421
1465,344
1466,170
1467,491
1468,492
1469,493
1470,494
1471,495
1472,496
1473,497
1474,498
1475,302
1476,499
1477,228
1478,475
1479,500
1480,501
1481,502
1482,503
1483,303
1484,504
1485,269
1486,222
1487,311
1488,505
1489,451
1490,237
1491,506
1492,228
1493,507
1494,235
1495,508
1496,479
1497,237
1498,509
1499,421
1500,333
1501,481
1502,237
1503,307
1504,510
1505,235
1506,228
1507,237
1508,380
1509,421
1510,260
1511,511
1512,260
1513,512
1514,469
1515,226
1516,513
1517,514
1518,515
1519,516
1520,246
1521,515
1522,517
1523,518
1524,519
1525,520
1526,246
1527,521
1528,228
1529,522
1530,235
1531,237
1532,523
1533,524
1534,525
1535,526
1536,527
1537,528
1538,462
1539,529
1540,226
1541,228
1542,530
1543,531
1544,335
1545,246
1546,532
1547,154
1548,170
1549,222
1550,533
1551,386
1552,459
1553,527
1554,335
1555,401
1556,534
1557,535
1558,495
1559,237
1560,536
1561,537
1562,237
1563,228
1564,538
1565,539
1566,540
1567,237
1568,237
1569,541
1570,38
1571,260
1572,226
1573,260
1574,400
1575,542
1576,400
1577,401
1578,335
1579,543
1580,260
1581,146
1582,352
1583,38
1584,544
1585,333
1586,246
1587,545
1588,226
1589,38
1590,527
1591,304
1592,482
1593,246
1594,546
1595,226
1596,547
1597,260
1598,228
1599,260
1600,310
1601,304
1602,235
1603,333
1604,228
1605,548
1606,549
1607,246
1608,550
1609,551
1610,459
1611,333
1612,410
1613,246
1614,552
1615,246
1616,553
1617,146
1618,554
1619,459
1620,353
1621,555
1622,556
1623,304
1624,557
1625,558
1626,559
1627,560
1628,228
1629,357
1630,343
1631,260
1632,561
1633,228
1634,319
1635,459
1636,318
1637,318
1638,327
1639,562
1640,392
1641,226
1642,563
1643,564
1644,333
1645,65
1646,565
1647,65
1648,65
1649,65
1650,65
1651,163
1652,163
1653,65
1654,163
1655,42
1656,163
1657,65
1658,65
1659,65
1660,65
1661,65
1662,65
1663,163
1664,566
1665,65
1666,566
1667,155
1668,65
1669,567
1670,65
1671,65
1672,568
1673,567
1674,65
1675,65
1676,569
1677,65
1678,570
1679,155
1680,65
1681,566
1682,163
1683,65
1684,65
1685,65
1686,65
1687,65
1688,65
1689,567
1690,65
1691,65
1692,163
1693,65
1694,65
1695,65
1696,65
1697,571
1698,572
1699,65
1700,65
1701,155
1702,42
1703,155
1704,65
1705,42
1706,573
1707,65
1708,65
1709,65
1710,65
1711,42
1712,65
1713,163
1714,65
1715,65
1716,163
1717,163
1718,574
1719,163
1720,171
1721,163
1722,65
1723,42
1724,65
1725,575
1726,576
1727,577
1728,65
1729,163
1730,42
1731,65
1732,578
1733,579
1734,163
1735,163
1736,174
1737,163
1738,65
1739,65
1740,163
1741,65
1742,574
1743,163
1744,178
1745,65
1746,566
1747,163
1748,163
1749,580
1750,42
1751,163
1752,163
1753,573
1754,65
1755,65
1756,581
1757,582
1758,155
1759,579
1760,163
1761,65
1762,163
1763,65
1764,163
1765,65
1766,583
1767,584
1768,583
1769,65
1770,584
1771,163
1772,65
1773,42
1774,66
1775,573
1776,42
1777,42
1778,585
1779,42
1780,65
1781,65
1782,586
1783,65
1784,155
1785,65
1786,163
1787,163
1788,42
1789,65
1790,163
1791,163
1792,587
1793,65
1794,151
1795,163
1796,65
1797,42
1798,42
1799,42
1800,171
1801,65
1802,579
1803,42
1804,573
1805,65
1806,42
1807,65
1808,588
1809,588
1810,42
1811,155
1812,163
1813,65
1814,575
1815,163
1816,65
1817,589
1818,65
1819,163
1820,155
1821,590
1822,163
1823,65
1824,163
1825,163
1826,591
1827,163
1828,592
1829,593
1830,65
1831,65
1832,65
1833,594
1834,65
1835,170
1836,595
1837,594
1838,65
1839,596
1840,42
1841,596
1842,170
1843,586
1844,65
1845,586
1846,42
1847,597
1848,65
1849,598
1850,573
1851,591
1852,599
1853,573
1854,163
1855,586
1856,573
1857,42
1858,42
1859,42
1860,586
1861,65
1862,599
1863,42
1864,163
1865,586
1866,65
1867,586
1868,65
1869,172
1870,573
1871,599
1872,65
1873,65
1874,65
1875,42
1876,151
1877,600
1878,599
1879,599
1880,573
1881,151
1882,42
1883,42
1884,586
1885,42
1886,65
1887,601
1888,42
1889,602
1890,42
1891,65
1892,603
1893,573
1894,151
1895,163
1896,163
1897,42
1898,65
1899,65
1900,42
1901,604
1902,573
1903,65
1904,65
1905,163
1906,605
1907,65
1908,606
1909,42
1910,163
1911,66
1912,607
1913,608
1914,65
1915,42
1916,42
1917,65
1918,609
1919,163
1920,65
1921,65
1922,65
1923,65
1924,65
1925,65
1926,610
1927,65
1928,163
1929,586
1930,575
1931,586
1932,65
1933,587
1934,65
1935,65
1936,163
1937,163
1938,65
1939,579
1940,611
1941,163
1942,65
1943,163
1944,163
1945,573
1946,65
1947,573
1948,30
1949,174
1950,65
1951,65
1952,65
1953,42
1954,574
1955,163
1956,65
1957,573
1958,42
1959,65
1960,65
1961,573
1962,612
1963,579
1964,42
1965,42
1966,65
1967,613
1968,614
1969,65
1970,65
1971,65
1972,65
1973,42
1974,586
1975,42
1976,615
1977,65
1978,65
1979,65
1980,569
1981,65
1982,65
1983,65
1984,65
1985,65
1986,65
1987,616
1988,65
1989,609
1990,617
1991,618
1992,65
1993,42
1994,65
1995,65
1996,171
1997,174
1998,65
1999,65
2000,65
2001,170
2002,65
2003,65
2004,65
2005,65
2006,619
2007,620
2008,65
2009,65
2010,621
2011,65
2012,622
2013,65
2014,65
2015,42
2016,65
2017,623
2018,624
2019,573
2020,65
2021,65
2022,65
2023,65
2024,65
2025,65
2026,625
2027,65
2028,65
2029,170
2030,65
2031,573
2032,65
2033,174
2034,626
2035,65
2036,609
2037,609
2038,65
2039,174
2040,174
2041,42
2042,609
2043,627
2044,609
2045,174
2046,174
2047,65
2048,65
2049,65
2050,42
2051,65
2052,609
2053,65
2054,42
2055,609
2056,65
2057,174
2058,65
2059,627
2060,65
2061,174
2062,174
2063,174
2064,174
2065,186
2066,174
2067,174
2068,65
2069,188
2070,65
2071,174
2072,174
2073,174
2074,174
2075,174
2076,186
2077,628
2078,65
2079,174
2080,65
2081,65
2082,65
2083,174
2084,65
2085,65
2086,65
2087,178
2088,65
2089,65
2090,174
2091,65
2092,65
2093,65
2094,65
2095,65
2096,65
2097,171
2098,65
2099,65
2100,87
2101,609
2102,609
2103,65
2104,629
2105,65
2106,65
2107,65
2108,65
2109,573
2110,65
2111,609
2112,615
2113,65
2114,65
2115,609
2116,65
2117,178
2118,65
2119,627
2120,630
2121,1
2122,630
2123,66
2124,609
2125,42
2126,631
2127,630
2128,630
2129,65
2130,42
2131,65
2132,65
2133,170
2134,632
2135,65
2136,65
2137,65
2138,152
2139,65
2140,170
2141,65
2142,633
2143,65
2144,65
2145,65
2146,65
2147,573
2148,65
2149,573
2150,65
2151,170
2152,65
2153,65
2154,609
2155,42
2156,65
2157,65
2158,65
2159,65
2160,634
2161,635
2162,65
2163,609
2164,65
2165,65
2166,636
2167,65
2168,174
2169,65
2170,65
2171,65
2172,584
2173,42
2174,42
2175,609
2176,637
2177,638
2178,583
2179,583
2180,639
2181,65
2182,573
2183,640
2184,65
2185,171
2186,170
2187,65
2188,65
2189,641
2190,642
2191,65
2192,65
2193,573
2194,65
2195,65
2196,65
2197,65
2198,643
2199,65
2200,586
2201,644
2202,645
2203,42
2204,42
2205,65
2206,646
2207,171
2208,65
2209,65
2210,65
2211,42
2212,643
2213,65
2214,642
2215,170
2216,647
2217,65
2218,65
2219,65
2220,65
2221,65
2222,65
2223,65
2224,573
2225,586
2226,648
2227,65
2228,174
2229,65
2230,65
2231,65
2232,65
2233,65
2234,65
2235,65
2236,573
2237,65
2238,65
2239,586
2240,65
2241,171
2242,649
2243,42
2244,65
2245,65
2246,65
2247,573
2248,650
2249,65
2250,65
2251,65
2252,65
2253,65
2254,65
2255,65
2256,65
2257,170
2258,583
2259,651
2260,583
2261,65
2262,652
2263,609
2264,609
2265,167
2266,42
2267,65
2268,573
2269,609
2270,42
2271,609
2272,65
2273,609
2274,623
2275,65
2276,65
2277,65
2278,65
2279,65
2280,65
2281,65
2282,653
2283,42
2284,573
2285,654
2286,65
2287,65
2288,620
2289,65
2290,65
2291,629
2292,65
2293,609
2294,65
2295,65
2296,573
2297,65
2298,65
2299,174
2300,65
2301,655
2302,65
2303,65
2304,609
2305,573
2306,573
2307,65
2308,656
2309,42
2310,178
2311,65
2312,657
2313,573
2314,65
2315,658
2316,659
2317,65
2318,205
2319,42
2320,65
2321,42
2322,65
2323,42
2324,42
2325,174
2326,65
2327,42
2328,565
2329,42
2330,65
2331,42
2332,65
2333,174
2334,65
2335,660
2336,65
2337,65
2338,661
2339,42
2340,65
2341,42
2342,662
2343,42
2344,42
2345,42
2346,586
2347,627
2348,65
2349,65
2350,630
2351,630
2352,663
2353,65
2354,65
2355,573
2356,664
2357,42
2358,65
2359,609
2360,65
2361,609
2362,270
2363,65
2364,65
2365,65
2366,665
2367,174
2368,609
2369,65
2370,573
2371,42
2372,666
2373,65
2374,65
2375,65
2376,667
2377,42
2378,573
2379,42
2380,65
2381,65
2382,65
2383,178
2384,65
2385,65
2386,668
2387,65
2388,65
2389,42
2390,65
2391,174
2392,65
2393,65
2394,669
2395,177
2396,173
2397,670
2398,173
2399,173
2400,173
2401,173
2402,173
2403,173
2404,146
2405,173
2406,170
2407,173
2408,671
2409,173
2410,530
2411,672
2412,173
2413,177
2414,173
2415,146
2416,673
2417,173
2418,173
2419,173
2420,173
2421,173
2422,173
2423,173
2424,173
2425,173
2426,173
2427,173
2428,674
2429,173
2430,173
2431,173
2432,238
2433,675
2434,173
2435,173
2436,173
2437,676
2438,177
2439,146
2440,146
2441,173
2442,173
2443,174
2444,173
2445,173
2446,173
2447,186
2448,173
2449,173
2450,173
2451,173
2452,677
2453,678
2454,678
2455,151
2456,177
2457,173
2458,173
2459,151
2460,678
2461,173
2462,151
2463,173
2464,173
2465,173
2466,173
2467,177
2468,679
2469,173
2470,173
2471,173
2472,173
2473,173
2474,680
2475,173
2476,681
2477,173
2478,173
2479,177
2480,132
2481,173
2482,173
2483,173
2484,173
2485,146
2486,678
2487,151
2488,682
2489,173
2490,173
2491,173
2492,173
2493,173
2494,173
2495,683
2496,173
2497,173
2498,186
2499,684
2500,173
2501,173
2502,173
2503,173
2504,177
2505,173
2506,189
2507,173
2508,173
2509,173
2435,173
2510,146
2511,151
2512,173
2513,173
2514,173
2515,151
2516,173
2517,173
2518,173
2519,173
2520,685
2521,151
2522,151
2523,173
2524,151
2525,173
2526,686
2527,174
2528,173
2529,173
2530,151
2531,173
2532,173
2533,173
2534,173
2535,173
2536,686
2537,173
2538,173
2539,173
2540,687
2541,173
2542,173
2543,173
2544,173
2545,688
2546,173
2547,173
2548,173
2549,173
2550,173
2551,173
2552,674
2553,173
2554,135
2555,173
2556,689
2557,186
2558,173
2559,174
2560,174
2561,173
2562,173
2563,690
2564,173
2565,674
2566,173
2567,174
2568,173
2569,691
2570,173
2571,173
2572,173
2573,140
2574,692
2575,693
2576,146
2577,146
2578,146
2579,186
2580,146
2581,146
2582,173
2583,174
2584,146
2585,173
2586,177
2587,694
2588,173
2589,151
2590,173
2591,691
2592,695
2593,173
2594,173
2595,696
2596,173
2597,151
2598,177
2599,186
2600,173
2601,173
2602,151
2603,697
2604,678
2605,698
2606,173
2607,173
2608,699
2609,173
2610,700
2611,174
2612,174
2613,701
2614,151
2615,691
2616,678
2617,173
2618,178
2619,678
2620,678
2621,173
2622,189
2623,146
2624,173
2625,702
2626,691
2627,151
2628,173
2629,173
2630,245
2631,678
2632,173
2633,173
2634,173
2635,151
2636,151
2637,678
2638,151
2639,173
2640,173
2641,681
2642,151
2643,173
2644,173
2645,245
2646,173
2647,229
2648,178
2649,699
2650,173
2651,173
2652,173
2653,173
2654,173
2655,173
2656,173
2598,173
2657,703
2658,173
2659,704
2660,173
2661,177
2662,174
2663,173
2664,173
2665,173
2666,135
2667,173
2668,173
2669,135
2670,705
2671,173
2672,173
2673,173
2674,430
2675,173
2676,173
2677,430
2678,173
2679,173
2680,146
2681,173
2682,173
2683,146
2684,173
2685,173
2686,177
2687,173
2688,173
2689,173
2690,706
2691,706
2692,173
2693,173
2694,173
2695,173
2696,173
2697,146
2698,173
2699,173
2700,173
2701,174
2702,173
2703,190
2704,177
2705,190
2706,699
2707,173
2708,151
2709,173
2710,173
2711,151
2712,177
2713,173
2714,173
2715,173
2716,707
2717,708
2718,708
2719,709
2720,708
2721,708
2722,708
2723,708
2724,173
2725,710
2726,708
2727,711
2728,146
2729,173
2730,177
2731,173
2732,146
2733,173
2734,173
2735,173
2736,173
2737,146
2738,146
2739,132
2740,132
2741,678
2742,173
2743,173
2744,681
2745,146
2746,173
2747,173
2748,678
2749,674
2750,173
2751,173
2752,173
2753,173
2754,712
2755,173
2756,177
2757,146
2758,173
2759,173
2760,173
2761,173
2762,173
2763,553
2764,553
2765,173
2766,173
2767,173
2768,173
2769,173
2770,173
2771,154
2772,173
2773,173
2774,146
2775,173
2776,713
2777,173
2778,173
2779,173
2780,173
2781,177
2782,173
2783,173
2784,146
2785,173
2786,173
2787,173
2788,173
2789,173
2790,173
2791,174
2792,173
2793,186
2794,174
2795,174
2796,714
2797,177
2798,715
2799,173
2800,177
2801,146
2802,173
2803,173
2804,173
2805,146
2806,174
2807,146
2808,173
2575,716
2809,140
2810,678
2811,177
2812,146
2813,173
2814,717
2815,173
2816,718
2817,174
2818,719
2819,678
2787,173
2820,678
2821,173
2822,674
2823,151
2824,173
2825,173
2826,720
2815,173
2827,154
2828,173
2829,173
2830,177
2831,173
2832,173
2833,173
2834,173
2835,173
2836,173
2837,173
2838,691
2839,173
2840,146
2841,721
2842,678
2843,678
2844,173
2845,177
2846,678
2847,173
2848,722
2849,678
2850,173
2851,151
2852,678
2853,173
2854,679
2855,173
2856,678
2857,173
2858,678
2859,151
2860,173
2861,173
2862,173
2863,173
2864,178
2865,678
2866,186
2867,174
2868,151
2869,173
2870,173
2871,177
2872,674
2873,173
2874,151
2875,177
2876,173
2664,173
2877,151
2878,723
2879,206
2880,173
2881,173
2882,146
2697,173
2883,174
2884,173
2885,186
2886,173
2887,177
2888,177
2409,173
2889,173
2890,146
2891,173
2892,686
2893,173
2894,177
2895,724
2527,177
2896,553
2897,725
2898,173
2899,726
2535,173
2900,173
2901,177
2902,173
2903,173
2904,173
2905,173
2906,727
2907,173
2908,173
2909,177
2910,173
2911,173
2912,173
2913,173
2914,173
2915,669
2916,173
2917,173
2918,177
2919,173
2920,174
2921,173
2922,173
2923,173
2924,173
2925,174
2926,205
2927,177
2928,177
2929,173
2930,728
2931,173
2932,173
2933,729
2934,671
2935,467
2936,173
2937,669
2938,173
2939,730
2940,173
2941,173
2936,173
2942,731
2943,173
2944,173
2907,177
2945,173
2946,173
2947,173
2948,173
2949,173
2950,173
2951,173
2936,173
2952,151
2943,173
2953,186
2954,173
2955,173
2956,173
2957,173
2958,173
2907,173
2959,732
2960,177
2961,173
2962,173
2963,173
2964,173
2965,173
2966,173
2967,173
2968,173
2969,146
2970,173
2971,173
2972,173
2973,173
2974,151
2975,173
2976,173
2977,186
2978,173
2979,173
2980,173
2907,173
2981,173
2982,733
2983,173
2984,173
2985,173
2986,173
2987,734
2988,173
2989,146
2990,735
2991,173
2992,173
2993,173
2994,173
2995,736
2996,173
2907,173
2997,177
2998,737
2999,173
3000,173
3001,173
3002,173
3003,205
3004,173
3005,146
3006,173
3007,173
3008,173
3009,173
3010,173
3003,738
3011,173
3012,173
3013,173
3014,173
3015,173
3016,173
3017,173
3018,173
3019,173
3020,173
3021,739
3022,173
3023,173
3024,627
3025,173
3026,740
3027,173
3028,739
3029,173
3030,173
3031,146
3032,173
3033,173
3034,173
3035,173
3036,173
3037,173
3038,173
3039,173
3040,146
3041,173
3042,173
3043,173
3044,173
3045,173
3046,173
3047,173
3048,173
3049,173
3050,173
3051,173
3052,741
3053,173
3054,742
3055,173
3056,173
3057,173
3058,173
3059,173
3060,173
3061,173
3062,173
3029,177
3063,173
3064,173
3065,173
3066,173
3067,173
3068,173
3069,173
3070,177
3071,173
3072,173
3073,146
3074,173
3075,173
3076,173
3077,186
3078,177
3029,173
3079,173
3080,173
3081,173
3082,173
3083,146
3084,173
3085,173
3086,173
3087,173
3088,173
3089,173
3090,173
3091,185
3092,154
3093,151
3029,743
3094,173
3095,674
3096,173
3097,173
3098,173
3099,173
3100,173
3101,188
3102,173
3103,173
3104,173
3105,177
3106,744
3107,173
3108,173
3109,173
3110,173
3111,173
3112,173
3099,177
3113,146
3114,173
3115,671
3116,173
3117,173
3118,177
3119,173
3120,189
3121,173
3122,173
3029,177
3123,173
3124,173
3125,173
3126,173
3127,173
3128,173
3129,173
3130,173
3131,745
3132,173
3133,173
3134,173
3011,173
3135,146
3136,173
3137,173
3138,173
3139,173
3140,173
3141,173
3142,173
3143,173
3144,173
3145,173
3146,173
3147,173
3148,746
3149,173
3150,242
3151,173
3029,173
3152,173
3153,173
3154,173
3155,173
3156,146
3157,747
3158,173
3159,173
3160,173
3161,173
3162,177
3163,173
3164,748
3165,173
3166,173
3167,672
3168,173
3029,173
3169,737
3170,681
3171,173
3172,151
3173,749
3174,173
3175,173
3176,750
3177,674
3178,146
3179,173
3180,173
3181,749
3182,173
3183,186
3184,173
3185,173
3186,173
3187,173
3188,186
3189,751
3190,173
3191,151
3192,173
3193,151
3194,173
3195,173
3196,173
3197,674
3029,173
3198,173
3199,189
3200,173
3201,173
3202,173
3203,699
3204,678
3205,170
3206,173
3207,146
3208,173
3209,173
3210,186
3211,173
3212,186
3213,173
3214,173
3215,173
3216,173
3217,173
3218,173
3219,173
3071,173
3011,177
3220,173
3221,173
3222,173
3223,173
3224,173
3225,752
3226,173
3227,173
3071,753
3228,173
3229,173
3230,173
3231,173
3232,173
3233,173
3234,173
3235,173
3236,173
3237,173
3238,173
3239,173
3240,173
3241,173
3242,173
3243,173
3244,173
3245,173
3246,173
3247,173
3248,173
3249,173
3250,173
3251,173
3252,173
3253,173
3254,173
3255,173
3256,146
3257,173
3258,173
3259,177
3260,173
3261,173
3262,173
3263,173
3264,173
3265,173
3266,173
3267,173
3268,173
2473,173
3269,173
3270,173
3271,173
3272,173
3273,173
3274,173
3275,173
3276,754
3277,430
3278,151
3279,678
3280,151
3281,151
3282,173
3283,722
3284,755
3285,186
3286,173
3287,146
3288,151
3289,238
3290,151
3291,691
3292,173
3293,173
3294,173
3295,151
3296,173
3297,756
3298,151
3299,173
3011,173
3300,173
3301,173
3302,173
3303,173
3304,173
3305,678
3306,757
3307,173
3308,739
3309,173
3310,173
3311,173
3253,173
3312,173
3313,173
3314,173
3315,177
3316,173
3317,173
3318,173
3319,173
3320,173
3321,173
3322,173
3323,467
3324,173
3325,173
3326,173
3327,173
3328,173
3329,173
3330,173
3331,173
3253,173
3332,173
3333,173
3334,173
3335,173
3336,173
3337,146
3338,173
3339,177
3261,758
3340,173
3341,752
3342,173
3343,759
3344,173
3345,173
3346,173
3347,173
3348,760
3349,173
3350,173
3351,173
2992,173
3352,173
3353,644
2985,173
3354,173
3355,173
3356,146
3357,173
3358,173
3359,173
3360,151
3361,761
3362,173
3363,762
3364,173
3365,173
3366,173
3367,173
3368,763
3369,764
3370,765
3371,173
3372,178
3373,173
3374,146
3375,173
3376,146
3377,173
3378,173
3379,151
3380,174
3381,173
3382,151
3383,186
3384,173
3385,173
3386,173
3387,173
3388,173
3389,173
3253,173
3390,173
3391,173
3392,173
3393,766
3394,173
3395,173
3396,173
3397,173
3398,173
3399,767
3400,674
3401,173
3402,173
3403,173
3404,173
3405,173
3406,173
3407,173
3408,173
3409,173
3253,173
3410,173
3411,173
3412,173
3413,173
3414,173
3415,173
3416,173
3417,173
3418,173
3419,173
3420,173
3421,146
3422,151
3423,173
3424,768
3425,173
3426,769
3427,186
3428,173
3429,189
3430,173
3431,173
3432,173
3433,173
3434,173
3435,173
3420,177
3436,770
3437,771
3438,151
3439,173
3440,151
3441,173
3442,186
3443,173
3444,173
3445,173
3446,173
3447,691
3448,678
3449,173
3450,173
3420,173
3451,173
3452,173
3453,173
3454,772
3455,173
3456,173
3457,173
3458,173
3459,173
3460,173
3461,681
3462,173
3463,173
3464,173
3465,146
3466,173
3467,151
3468,773
3469,691
3470,173
3471,177
3472,151
3473,615
3474,678
3475,146
3476,177
3477,173
3478,173
3474,151
3479,173
3480,146
3481,151
3482,678
3483,674
3484,774
3469,678
3485,774
3486,167
3487,151
3488,173
3489,691
3490,173
3491,151
3492,173
3493,173
3494,678
3495,173
3496,173
3497,173
3498,173
3499,146
3500,186
3501,678
3502,173
3503,775
3504,775
3505,173
3506,173
3507,776
3508,173
3509,186
3510,678
3511,173
3512,173
3513,173
3514,173
3420,173
3515,151
3516,777
3517,173
3518,173
3519,146
3520,173
3521,676
3522,173
3523,146
3524,173
3525,173
3526,173
3527,146
3528,174
3529,188
3530,173
3531,671
3532,173
3533,146
3534,174
3535,177
3536,151
3537,202
3538,177
3539,151
3540,778
3541,173
3542,173
3543,779
3544,173
3545,780
3546,173
3547,173
3548,241
3549,173
3550,781
3551,778
3552,226
3553,174
3554,173
3555,177
3556,177
3557,778
3558,173
3559,146
3560,173
3561,173
3551,173
3562,173
3563,173
3564,173
3565,173
3566,173
3567,173
3568,188
3569,173
3570,173
3571,173
3572,173
3573,173
3574,173
3575,782
3576,783
3577,784
3578,785
3579,167
3580,178
3581,786
3582,787
3583,173
3584,173
3585,65
3586,173
3587,173
3588,173
3589,788
3590,151
3591,173
3592,174
3593,173
3594,173
3551,65
3595,173
3596,173
3597,173
3598,173
3599,151
3600,173
3601,146
3602,65
3603,146
3604,678
3605,173
3606,173
3607,173
3608,173
3609,778
3610,173
3611,173
3612,170
3613,173
3614,173
3615,65
3616,789
3617,173
3618,681
3619,173
3620,790
3621,173
3622,173
3623,173
3624,151
3625,151
3626,781
3627,151
3628,173
3629,173
3630,173
3631,173
3632,173
3633,173
3634,173
3635,783
3636,173
3551,173
3637,173
3638,173
3639,189
3640,151
3641,791
3642,174
3643,173
3644,173
3645,146
3646,173
3643,189
3647,146
3648,173
3649,173
3650,173
3651,146
3652,173
3653,691
3654,146
3655,173
3656,173
3657,205
3658,173
3648,173
3659,151
3660,146
3661,173
3662,146
3663,146
3664,173
3665,173
3666,146
3667,151
3668,173
3665,173
3669,173
3670,146
3671,187
3672,173
3673,146
3674,173
3675,173
3676,146
3677,146
3678,146
3679,173
3680,173
3681,173
3682,792
3683,238
3684,173
3685,146
3686,173
3687,676
3688,151
3689,151
3690,173
3691,691
3648,173
3692,173
3693,151
3694,173
3695,151
3696,173
3697,173
3698,576
3699,793
3700,167
3701,173
3702,576
3703,173
3704,146
3705,173
3706,794
3707,173
3703,173
3708,173
3709,173
3710,173
3711,146
3712,173
3713,691
3714,151
3686,173
3687,240
3715,795
3716,146
3717,678
3694,173
3695,151
3718,796
3719,151
3720,797
3721,173
3722,173
2409,173
3723,173
3724,240
3725,173
3726,173
3727,173
3728,173
3729,173
3730,173
3731,798
3732,173
3733,799
3734,173
3735,167
3736,167
3737,173
3738,173
3739,173
3740,173
3741,226
3742,173
3743,146
3744,800
3745,173
3746,229
3747,146
3748,801
3749,173
3750,801
3751,177
3752,173
3753,173
3754,173
3755,173
3756,173
3757,173
3758,173
3759,680
3760,173
3761,173
3762,173
3763,173
3764,173
3765,177
3766,173
3767,173
3768,801
3769,173
3770,173
3771,802
3772,173
3773,173
3774,173
3775,173
3776,173
3777,173
3778,173
3779,173
3780,173
3781,173
3782,173
3783,240
3784,173
3785,173
3786,173
3787,173
3788,173
3789,173
3790,151
3791,173
3792,151
3793,151
3794,151
3795,173
3796,173
3797,678
3798,177
3799,678
3800,173
3801,722
3802,173
3803,173
3804,173
3805,173
3806,173
3807,173
3808,706
3809,741
3810,708
3811,803
3812,173
3813,173
3814,173
3815,177
3816,177
3817,154
3818,173
3819,173
3820,804
3821,173
3822,173
3823,173
3824,748
3825,681
3826,173
3827,173
3828,805
3829,173
3830,681
3831,173
3832,173
3833,173
3834,173
3835,173
3836,173
3837,173
3838,173
3839,173
3840,173
3841,173
3842,173
3843,173
3844,173
3845,173
3846,173
3847,173
3848,173
3849,173
3850,173
3851,173
3852,173
3853,173
3854,173
3855,173
3856,173
3857,173
3858,173
3859,173
3860,173
3861,173
3862,173
3863,173
3864,173
3865,189
3866,173
3867,189
3868,173
3869,173
3870,173
3871,173
3872,173
3873,173
3874,806
3875,173
3876,173
3877,173
3878,173
3879,178
3880,807
3881,173
3882,173
3883,173
3884,146
3885,173
3886,173
3887,173
3888,678
3889,151
3890,177
3891,173
3476,173
3892,151
3893,808
3894,173
3895,173
3896,173
3460,173
3897,173
3898,173
3899,678
3900,173
3901,173
3902,177
3903,173
3904,809
3905,173
3906,151
3907,678
3908,173
2409,173
3909,205
3910,205
3911,151
3912,154
3913,810
3914,177
3915,151
2778,173
3916,173
3917,173
3918,811
3919,812
3920,151
3921,813
3922,173
3923,173
3924,173
3925,174
3926,173
3927,173
3928,173
3929,173
3930,173
3922,173
3931,814
3932,186
3933,173
3934,173
3935,151
3936,151
3937,173
3938,173
3939,173
3940,173
3941,815
3630,173
3942,816
3943,678
3944,173
3945,186
3946,173
3947,173
3948,173
3949,739
3950,173
3951,173
3952,173
3953,173
3954,173
3955,817
3956,818
3957,177
3958,819
3959,820
3960,173
3961,173
3962,726
3963,173
3964,189
3965,173
3966,173
3967,173
3968,173
3969,173
3970,173
3971,173
3972,173
2409,173
3973,173
3974,173
3975,188
3976,173
3977,174
3978,821
3979,173
3980,177
3981,822
3982,823
3983,167
3984,173
3985,178
3986,173
3987,173
3988,173
3989,173
3990,824
3991,173
3992,173
3993,177
3994,173
3995,173
3996,173
3997,173
3998,821
3999,189
4000,189
4001,825
4002,173
4003,173
4004,173
4005,821
4006,146
4007,173
4008,173
4009,826
4010,173
4011,827
4012,173
4013,173
4014,173
4015,173
4016,828
4017,154
4018,766
4019,737
4020,173
4021,173
4022,146
4023,173
4024,829
4025,173
4026,173
4027,173
4028,173
4029,173
4030,173
4031,173
4032,173
4033,173
4034,173
4035,173
4036,173
4037,173
4038,173
4039,173
4040,173
4041,173
4042,173
4043,173
4044,173
4045,173
4046,173
4047,173
4048,173
4049,146
4050,173
4051,173
4052,173
4053,173
4054,173
4055,173
4056,173
4057,830
4058,173
4059,173
4060,177
4061,178
4062,173
4063,173
4064,173
4065,173
4047,173
4066,173
4067,173
4068,173
4069,173
4070,173
4071,177
4072,173
4073,173
4074,173
4075,177
4076,173
2409,173
4077,173
4078,173
4079,173
4080,173
4081,173
4082,177
4083,173
4084,173
4085,173
4086,146
4087,173
4088,430
4089,831
4090,189
4091,832
4092,430
4093,177
4094,173
4095,173
4096,796
4097,173
4098,173
4099,173
4100,173
4101,173
4102,173
4103,177
4104,173
4105,722
4106,678
4107,146
4108,173
4109,173
4110,467
4111,173
4112,173
4113,177
4114,173
4115,173
4116,173
4117,173
4118,173
4119,173
4120,173
4121,177
4122,173
4123,173
4124,173
4125,173
4126,173
4127,173
4128,173
4129,173
4130,173
4131,173
4132,173
4133,173
4134,173
4135,173
4136,173
4137,173
4138,173
4139,173
4140,173
4141,173
4142,173
4143,173
4144,167
4145,209
4146,173
4147,167
4148,173
4149,173
4150,173
4151,173
4152,173
4153,173
4116,173
4154,173
4155,173
4156,173
4157,173
4158,173
4159,173
4135,173
4136,781
4160,173
4161,173
4162,173
4163,173
4164,173
4165,174
4166,173
4163,173
4167,173
4168,167
4169,173
4135,173
4136,173
4170,173
4171,833
4172,173
4173,173
4174,177
4175,173
4176,173
4177,177
4178,834
4179,835
4180,173
4181,173
4182,835
4183,173
4184,173
4185,205
4186,173
4187,836
4188,173
4189,173
4190,837
4191,173
4192,173
4193,173
4194,173
4195,173
4196,173
4197,173
4198,173
4199,173
4200,173
4201,835
4202,173
4203,173
4204,173
4205,173
4206,173
4207,173
4208,173
4209,151
4210,173
4211,173
4212,715
4213,151
4214,151
4215,167
4216,177
4217,173
4218,173
4219,146
4220,173
4221,173
4222,173
4223,835
4224,643
4225,173
4226,173
4227,173
4228,167
4229,173
4230,173
4231,173
4232,173
4233,838
4234,839
4235,173
4236,173
4237,835
4238,173
4239,173
4240,173
4241,173
4242,173
4243,173
4244,835
4245,173
4246,173
4247,173
4248,189
4249,173
4250,173
4251,173
4252,840
4253,835
4254,173
4255,173
4256,173
4257,173
4258,173
4259,178
4260,173
4207,173
4261,151
4262,173
4263,841
4264,173
4265,173
4266,177
4267,173
4268,173
4269,835
4270,173
4271,173
4272,835
4273,173
4274,173
4275,173
4276,173
4277,173
4278,173
4279,177
4280,173
4281,835
4282,173
4283,173
4284,173
4285,173
4286,173
4287,842
4248,173
4288,173
4289,173
4290,843
4291,835
4292,173
4293,173
4294,173
4295,173
4296,177
4297,835
4298,835
4299,167
4300,173
4301,173
4302,173
4303,173
4304,835
4305,173
4306,167
4304,835
4307,177
4308,173
4309,173
4310,173
4311,173
4312,173
4313,173
4314,844
4315,177
4316,177
4317,173
4318,173
4319,173
4320,173
4321,173
4160,173
4322,177
4323,173
4324,173
4325,173
4326,173
4327,644
4328,842
4329,173
4330,173
4331,173
4332,167
4333,173
4334,173
4335,173
4336,173
4337,173
4338,173
4339,173
4340,173
4341,173
4342,177
4343,835
4344,177
4345,173
4346,845
4160,173
4347,173
4348,187
4349,177
4350,835
4351,146
4352,835
4353,835
4354,173
4355,173
4283,173
4356,173
4357,835
4160,173
4358,173
4359,173
4360,835
4361,173
4362,835
4363,173
4283,173
4364,173
4365,173
4366,173
4367,173
4368,167
4369,835
4370,173
4371,173
4372,173
4373,846
4374,847
4375,173
4376,173
4377,173
4378,173
4379,173
4380,173
4381,173
4382,835
4383,173
4384,848
4385,835
4386,173
4160,173
4387,173
4388,173
4385,173
4389,173
4390,173
4391,849
4392,173
4393,835
4394,173
4395,173
4396,173
4397,173
4398,835
4399,173
4400,173
4401,173
4402,173
4403,146
4404,173
4405,835
4406,173
4407,173
4408,173
4409,173
4410,173
4411,835
4412,173
4413,173
4414,173
4415,173
4416,835
4417,173
4418,173
4419,173
4385,173
4420,173
4421,173
4422,835
4423,173
4424,173
4160,173
4425,173
4426,186
4427,173
4428,178
4429,173
4304,835
4430,173
4431,178
4432,173
4433,173
4434,173
4435,835
4436,270
4437,173
4438,173
4192,173
4413,173
4439,173
4440,173
4441,850
4160,173
4442,173
4443,173
4444,173
4179,835
4445,173
4446,173
4179,835
4447,173
4448,173
4449,173
4450,173
4110,173
4451,173
4449,835
4452,173
4110,851
4453,173
4449,835
4454,681
4110,851
4455,173
4456,173
4422,173
4457,173
4248,173
4110,852
4458,173
4459,173
4460,681
4461,173
4462,173
4463,151
4464,173
4465,151
4466,173
4467,173
4468,173
4469,173
4470,173
4471,674
4472,173
4473,674
4474,173
4475,173
4476,173
4477,146
4478,173
4479,173
4480,173
4481,173
4165,173
4482,853
4483,173
4136,781
4484,173
4485,173
4486,167
4487,173
4488,173
4489,173
4490,173
4491,173
4492,177
4487,173
4488,173
4493,173
4494,173
4495,173
4496,173
4497,173
4498,173
4499,173
4500,173
4501,173
4502,173
4503,173
4504,173
4505,173
4506,173
4507,173
4508,173
4509,177
4510,835
4511,173
4512,835
4513,173
4514,173
4515,174
4516,173
4517,173
4518,173
4519,173
4520,173
4521,173
4522,208
4523,173
4524,173
4525,835
4526,173
4527,835
4528,173
4529,173
4530,173
4531,146
4532,173
4533,173
4534,173
4535,173
4536,643
4537,173
4538,173
4539,173
4540,173
4541,173
4542,173
4543,173
4544,173
4133,173
4545,173
4135,173
4136,173
4546,173
4547,173
4548,173
4549,854
4550,187
4551,177
4160,173
4552,173
4553,173
4554,173
4555,173
4556,173
4557,173
4558,173
4559,177
4560,173
4561,173
4562,173
4563,173
4564,173
4565,173
4566,173
4567,173
4568,173
4569,173
4570,173
4571,146
4572,741
4573,173
4574,173
4575,173
4576,173
4577,173
4578,173
4579,855
4580,173
4581,173
4582,173
4583,173
4584,715
4585,151
4586,173
4587,174
4588,715
4589,170
4590,856
4591,567
4262,173
4592,170
4593,177
4594,151
4595,173
4596,173
4597,173
4598,173
4599,173
4600,173
4601,715
4602,146
4603,857
4604,189
4605,151
4606,715
4607,173
4608,173
4609,151
4610,173
4611,205
4160,173
4612,177
4613,170
4614,173
4615,173
4616,173
4617,173
4618,173
4619,177
4620,173
4621,173
4622,151
4591,567
4623,173
4624,173
4625,858
4626,173
4627,173
4628,173
4629,173
4630,173
4631,173
4632,173
4633,173
4621,173
4634,173
4635,567
4636,151
4625,173
4626,173
4637,173
4638,177
4555,173
4639,173
4640,177
4641,173
4642,173
4160,173
4643,173
4644,173
4645,173
4646,173
4487,173
4488,173
4647,178
4648,177
4649,173
4650,173
4651,177
4652,173
4653,173
4654,173
4655,173
4656,173
4657,173
4658,173
4659,173
4660,177
4661,173
4662,173
4663,173
4664,173
4665,173
4666,202
4667,173
4668,173
4669,177
4670,173
4671,173
4672,173
4673,173
4674,173
4675,173
4676,173
4677,173
4678,173
4679,173
4680,173
4555,173
4681,859
4682,173
4683,173
4684,859
4685,173
4681,859
4686,173
4687,173
4688,226
4689,173
4690,173
4691,177
4692,173
4693,173
4694,173
4695,173
4696,173
4697,173
4698,173
4699,173
4700,173
4701,860
4702,173
4703,173
4704,173
4705,177
4706,173
4707,177
4708,173
4709,173
4710,173
4711,177
4712,173
4713,173
4714,173
4715,173
4716,173
4717,173
4160,173
4718,177
4719,861
4720,173
4721,173
4722,173
4135,173
4136,173
4723,177
4724,146
4725,174
4726,173
4727,146
4728,862
4729,146
4730,146
4731,173
4732,173
4733,173
4734,170
4735,173
4736,167
4737,173
4738,173
4739,173
4740,173
4741,173
4742,173
4743,173
4744,173
4745,173
4746,173
4747,173
4748,173
4749,173
4750,177
4751,173
4752,173
4753,173
4754,173
4755,173
4756,146
4757,173
4758,173
4759,173
4760,173
4761,173
4762,173
4763,863
4764,173
4765,173
4766,173
4767,835
4768,173
4769,225
4770,177
4771,177
4772,173
4773,173
4774,173
4775,173
4555,173
4681,859
4776,177
4777,173
4778,859
4779,864
4780,173
4781,835
4782,170
4783,151
4784,173
4480,173
4567,173
4785,173
4786,173
4787,173
4788,173
4789,173
4790,177
4791,173
4748,173
4792,865
4793,866
4794,173
4795,173
4796,173
4797,177
4798,173
4799,859
4800,867
4801,173
4802,173
4803,173
4804,173
4805,173
4806,177
4807,146
4808,173
4809,173
4810,173
4811,173
4812,173
4813,173
4814,737
4815,173
4816,173
4817,177
4818,173
4819,173
4160,173
4820,868
4821,173
4822,177
4823,173
4824,173
4825,173
4826,173
4827,869
4828,173
4829,173
4830,173
4831,173
4832,870
4833,871
4160,173
4834,173
4835,173
4836,173
4837,173
4838,151
4839,173
4840,173
4841,173
4842,173
4843,870
4844,173
4845,173
4846,173
4847,173
4848,173
4849,173
4850,173
4851,173
4852,177
4853,173
4854,173
4855,173
4856,173
4857,189
4858,173
4160,173
4859,173
4860,173
4861,173
4862,173
4863,173
4864,173
4865,173
4866,173
4865,173
4867,173
4868,173
4869,173
4870,173
4871,151
4872,688
4873,177
4874,173
4875,173
4876,151
4877,872
4878,173
4879,151
4160,173
4880,173
4881,835
4882,173
4883,173
4555,173
4884,741
4885,674
4886,173
4887,173
4888,173
4889,173
4890,173
4891,173
4892,173
4893,177
4894,173
4895,708
4896,174
4897,674
4898,177
4899,177
4900,737
4901,177
4902,173
4903,873
4889,173
4890,173
4904,177
4905,173
4906,874
4907,177
4899,173
4908,737
4909,173
4910,173
4911,173
4658,173
4912,173
4913,173
4914,173
4915,146
4916,173
4917,151
4918,674
4919,173
4920,173
4921,173
4922,173
4923,875
4924,177
4925,173
4926,173
4927,712
4928,737
4929,674
4930,173
4931,173
4932,173
4933,173
4934,681
4935,674
4936,173
4937,173
4938,173
4939,177
4940,173
4941,173
4942,173
4943,173
4944,173
4945,146
4946,146
4947,173
4948,177
4949,173
4950,177
4930,173
4951,173
4952,177
4953,177
4954,177
4955,177
4956,173
4957,177
4958,173
4959,173
4960,173
4961,173
4962,173
4963,173
4964,173
4965,173
4966,177
4967,173
4968,173
4969,173
4970,173
4971,174
4930,173
4972,173
4973,173
4974,173
4975,173
4976,146
4977,146
4978,173
4979,173
4980,173
4981,220
4982,173
4983,876
4984,173
4985,220
4986,173
4987,173
4988,177
4930,173
4989,173
4990,173
4991,173
4992,173
4993,834
4994,877
4995,173
4996,173
4997,177
4998,173
4999,681
5000,173
5001,173
5002,173
5003,173
5004,241
5005,173
5006,878
5007,220
5008,879
4930,173
5009,173
5010,880
5011,173
5012,173
5013,881
5014,173
5015,882
5016,715
5017,177
5018,883
5019,712
5020,177
5021,173
5022,173
5023,674
5024,220
5025,173
5026,173
5027,173
5028,173
5029,173
5030,173
5031,173
5032,173
5033,173
5034,173
5035,173
5036,173
5037,173
5038,173
5039,173
5040,173
5041,177
5042,173
5043,884
4930,173
5044,173
5033,173
5045,177
5046,173
5047,173
5048,173
5049,173
5050,173
5051,173
5052,173
5053,173
5054,173
5055,173
5056,173
5057,146
5058,173
5059,173
5060,173
5061,173
5062,177
5063,739
5064,173
5065,173
5066,467
5067,643
5068,173
5069,173
5070,173
5071,467
5072,173
5073,220
5074,173
5075,173
5076,173
5077,173
4930,173
5078,173
5079,146
5080,173
5081,220
5053,173
5082,173
5083,173
5084,173
5085,173
5086,177
5087,170
5088,885
5089,886
5090,886
5091,170
5092,65
5093,164
5094,887
5095,888
5096,885
5097,65
5098,164
5099,164
5100,889
5101,164
5102,169
5103,886
5104,886
5105,886
5106,164
5107,886
5108,885
5109,886
5110,888
5111,885
5112,890
5113,886
5114,890
5115,891
5116,886
5117,164
5118,885
5119,170
5120,892
5121,893
5122,164
5123,886
5124,886
5120,164
5121,164
5122,886
5125,65
5126,164
5127,170
5128,886
5129,65
5130,164
5131,170
5132,885
5133,886
5134,890
5135,65
5136,886
5137,169
5138,886
5139,894
5140,895
5141,886
5142,627
5143,169
5144,886
5145,164
5146,164
5147,885
5148,164
5149,626
5150,164
5151,886
5152,170
5153,885
5154,886
5155,885
5156,890
5157,890
5158,885
5159,164
5160,888
5161,550
5162,885
5163,886
5164,885
5165,886
5166,886
5167,170
5168,886
5169,886
5170,885
5171,164
5172,886
5173,886
5174,885
5175,164
5176,886
5177,164
5178,886
5179,65
5180,886
5181,886
5182,886
5183,888
5184,164
5185,65
5186,888
5187,885
5188,164
5189,169
5190,886
5191,170
5192,169
5193,886
5194,164
5195,164
5196,896
5197,65
5198,164
5199,889
5200,886
5201,886
5202,172
5203,886
5204,886
5205,885
5206,893
5207,890
5208,164
5209,890
5210,885
5211,164
5212,897
5213,886
5214,169
5215,898
5216,304
5217,886
5218,65
5219,886
5220,164
5221,627
5222,65
5223,164
5224,164
5225,164
5226,164
5227,65
5228,897
5229,890
5230,65
5231,164
5232,899
5233,886
5234,900
5235,164
5236,164
5237,886
5238,65
5239,164
5240,164
5241,164
5242,164
5243,169
5244,888
5245,888
5246,885
5247,164
5248,901
5249,164
5250,902
5251,164
5252,886
5253,903
5254,169
5255,170
5256,886
5257,888
5258,892
5259,888
5260,904
5261,905
5262,906
5263,888
5264,885
5265,907
5266,164
5267,170
5268,65
5269,908
5270,909
5271,65
5272,169
5273,617
5274,164
5275,886
5276,164
5277,885
5278,910
5279,65
5280,885
5281,911
5282,886
5283,905
5284,164
5285,164
5286,885
5287,886
5288,892
5289,164
5290,898
5291,888
5292,885
5293,886
5294,886
5295,885
5296,164
5297,885
5298,887
5299,725
5300,65
5301,912
5302,65
5303,885
5282,65
5283,886
5304,627
5305,905
5306,164
5307,886
5308,886
5309,164
5310,886
5311,913
5312,885
5313,164
5314,886
5315,886
5316,888
5317,164
5318,164
5319,169
5320,169
5321,65
5322,164
5323,914
5324,886
5325,890
5326,164
5327,911
5328,915
5329,916
5330,915
5331,917
5332,918
5333,886
5334,919
5335,886
5336,885
5337,164
5338,885
5339,164
5340,888
5341,886
5342,886
5343,886
5344,885
5345,164
5346,65
5347,886
5348,920
5349,921
5350,922
5351,923
5352,164
5353,924
5354,164
5347,885
5355,759
5356,922
5357,925
5154,886
5358,886
5359,885
5360,926
5361,886
5362,885
5363,886
5364,759
5365,922
5366,927
5367,164
5368,885
5369,164
5370,885
5371,928
5372,169
5373,888
5374,886
5375,886
5376,169
5377,311
5378,169
5379,164
5380,164
5381,885
5382,886
5383,929
5384,930
5385,311
5386,164
5387,164
5388,164
5389,886
5390,164
5391,164
5392,164
5393,890
5394,164
5395,886
5396,169
5397,886
5398,885
5399,886
5400,164
5401,885
5402,886
5403,164
5404,886
5405,888
5406,169
5407,931
5408,890
5409,932
5410,164
5411,933
5412,885
5413,885
5414,934
5415,886
5416,935
5417,931
5418,890
5419,886
5420,889
5421,886
5422,885
5423,888
5424,885
5425,885
5426,164
5427,164
5154,890
5428,888
5429,164
5430,885
5431,885
5432,885
5433,164
5434,886
5435,164
5436,885
5437,936
5438,172
5439,164
5440,169
5441,888
5442,888
5443,885
5444,888
5445,937
5446,938
5447,892
5448,885
5449,888
5450,65
5451,886
5452,164
5453,886
5454,888
5455,164
5456,65
5457,164
5458,65
5459,885
5460,164
5461,890
5462,169
5463,939
5464,886
5465,886
5466,885
5467,886
5468,885
5469,888
5470,940
5471,885
5472,885
5473,885
5474,890
5475,169
5476,164
5477,886
5478,913
5479,885
5480,886
5481,885
5482,164
5483,886
5484,886
5485,905
5486,941
5487,886
5488,164
5489,164
5490,938
5491,164
5492,888
5493,885
5494,890
5495,164
5496,885
5497,885
5498,164
5499,885
5500,886
5501,164
5502,885
5503,885
5504,164
5505,885
5506,886
5507,164
5508,890
5509,885
5510,885
5511,942
5512,169
5513,886
5514,885
5515,885
5516,943
5517,887
5518,164
5519,164
5520,888
5521,886
5522,164
5523,886
5524,886
5525,888
5526,885
5527,885
5528,888
5529,944
5530,886
5531,885
5532,240
5533,164
5534,945
5532,946
5535,947
5536,164
5532,946
5537,888
5538,164
5539,886
5540,164
5532,946
5541,164
5542,885
5543,164
5544,886
5545,948
5546,897
5532,946
5547,164
5548,164
5549,888
5550,890
5551,949
5532,946
5552,885
5553,888
5532,240
5554,885
5555,950
5556,951
5557,886
5558,886
5559,952
5532,240
5560,885
5561,164
5562,164
5563,885
5564,885
5565,174
5566,186
5567,174
5568,177
5569,177
5570,177
5571,177
5572,186
5573,174
5574,174
5575,177
5576,861
5577,177
5578,177
5579,226
5580,174
5581,177
5582,177
5583,146
5584,688
5585,174
5586,186
5587,177
5588,177
5589,177
5590,177
5591,177
5592,146
5593,146
5594,177
5595,953
5596,177
5597,177
5598,177
5599,151
5600,174
5601,177
5602,174
5603,177
5604,205
5605,177
5606,954
5607,151
5608,151
5609,146
5610,151
5611,861
5612,688
5613,206
5614,955
5615,174
5616,676
5617,174
5618,174
5619,151
5620,177
5621,151
5622,151
5623,956
5624,177
5625,174
5626,730
5627,151
5628,957
5629,186
5630,809
5631,140
5632,177
5633,177
5634,688
5635,174
5636,174
5637,151
5638,177
5639,146
5640,958
5641,796
5642,151
5643,177
5644,151
5645,151
5646,174
5647,151
5648,151
5649,151
5650,151
5651,151
5652,177
5653,151
5654,151
5655,151
5656,151
5657,174
5658,861
5659,151
5660,146
5661,174
5662,174
5663,151
5664,861
5665,177
5666,151
5667,796
5668,186
5669,861
5670,177
5671,959
5672,706
5673,960
5674,151
5675,190
5676,186
5677,177
5678,177
5679,706
5680,688
5681,177
5682,177
5683,706
5684,174
5685,961
5686,177
5687,177
5688,962
5689,174
5690,151
5691,177
5692,146
5693,177
5694,177
5695,177
5696,177
5697,177
5698,177
5699,177
5700,151
5701,352
5702,132
5703,796
5704,146
5705,963
5706,177
5707,177
5708,688
5709,748
5710,177
5711,151
5712,177
5713,964
5714,177
5715,748
5716,151
5717,146
5718,177
5719,714
5720,177
5721,965
5722,964
5723,796
5724,177
5725,748
5726,177
5727,177
5728,177
5729,151
5730,146
5731,966
5732,967
5733,151
5734,151
5735,173
5736,752
5737,177
5738,968
5739,177
5740,969
5741,777
5742,177
5743,177
5744,970
5745,177
5746,971
5747,177
5748,177
5749,186
5750,972
5751,177
5752,146
5753,877
5754,973
5755,146
5756,187
5757,974
5758,688
5759,177
5760,731
5761,975
5762,177
5763,177
5764,177
5765,177
5766,177
5767,177
5768,177
5769,177
5770,177
5771,177
5772,177
5773,177
5774,177
5775,186
5776,146
5777,186
5778,146
5779,174
5780,177
5781,177
5782,177
5783,206
5784,174
5785,177
5786,187
5787,174
5788,976
5789,977
5790,186
5791,174
5792,177
5793,177
5794,151
5795,177
5796,861
5797,861
5798,151
5799,177
5800,861
5801,151
5802,151
5803,151
5804,177
5805,186
5806,177
5807,177
5808,714
5809,174
5810,177
5811,177
5812,177
5813,177
5814,174
5815,978
5816,978
5817,151
5818,297
5819,151
5820,151
5821,151
5822,151
5823,151
5824,688
5825,177
5826,979
5827,714
5828,151
5829,151
5830,151
5831,177
5832,151
5833,177
5834,174
5835,980
5836,151
5837,177
5838,981
5839,151
5840,186
5841,151
5842,151
5843,177
5844,151
5845,688
5846,151
5847,982
5848,177
5849,177
5850,174
5851,151
5852,151
5853,151
5854,983
5855,151
5856,177
5857,688
5858,177
5859,186
5860,177
5861,151
5862,151
5863,984
5864,297
5865,177
5866,177
5867,809
5868,151
5869,809
5870,177
5871,979
5872,177
5873,985
5874,177
5875,177
5876,986
5877,177
5878,987
5879,151
5880,151
5881,988
5882,177
5883,177
5884,151
5885,177
5886,177
5887,177
5888,177
5889,989
5890,151
5891,177
5892,177
5893,177
5894,177
5895,177
5896,990
5897,177
5898,720
5899,177
5900,146
5901,796
5902,177
5903,177
5904,430
5905,177
5906,151
5907,861
5908,174
5909,177
5910,177
5911,177
5912,186
5913,174
5914,861
5915,688
5916,177
5917,154
5918,151
5919,174
5920,177
5921,174
5922,177
5923,991
5924,706
5925,177
5926,748
5927,861
5928,177
5929,151
5930,706
5931,151
5932,177
5933,992
5934,706
5935,177
5936,177
5937,151
5938,177
5939,177
5940,177
5941,708
5942,707
5943,993
5944,991
5945,961
5946,708
5947,707
5948,708
5949,707
5950,994
5951,151
5952,707
5953,995
5954,708
5955,708
5956,177
5957,177
5958,177
5959,151
5960,177
5961,177
5962,380
5963,177
5964,146
5965,177
5966,177
5967,688
5968,688
5969,177
5970,996
5971,861
5972,177
5973,177
5974,177
5975,997
5976,998
5977,177
5978,177
5979,177
5980,801
5981,962
5982,998
5983,177
5984,801
5985,177
5986,801
5987,177
5988,177
5989,999
5990,177
5991,146
5992,205
5993,177
5994,174
5995,177
5996,714
5997,146
5998,177
5999,177
6000,297
6001,714
6002,177
6003,151
6004,177
6005,151
6006,688
6007,146
6008,804
6009,1000
6010,954
6011,177
6012,688
6013,177
6014,151
6015,151
6016,177
6017,177
6018,177
6019,177
6020,177
6021,177
6022,965
6023,748
6024,861
6025,1001
6026,177
6027,1002
6028,177
6029,177
6030,1003
6031,177
6032,748
6033,990
6034,861
6035,174
6036,688
6037,177
6038,965
6039,177
6040,177
6041,1004
6042,177
6043,177
6044,748
6045,177
6046,177
6047,177
6048,177
6049,1005
6050,177
6051,177
6052,177
6053,177
6054,714
6055,151
6056,177
6057,1006
6058,1007
6059,177
6060,177
6061,177
6062,177
6063,177
6064,877
6065,146
6066,177
6067,1008
6068,177
6069,861
6070,177
6071,177
6072,177
6073,1009
6074,146
6075,151
6076,1010
6077,177
6078,177
6079,177
6080,177
6081,965
6082,177
6083,177
6084,177
6085,177
6086,177
6087,877
6088,796
6089,748
6090,177
6091,1011
6092,177
6093,177
6094,1012
6095,177
6096,177
6097,177
6098,146
6099,177
6100,177
6101,177
6102,748
6103,177
6104,861
6105,177
6106,177
6107,177
6108,177
6109,151
6110,1013
6111,151
6112,964
6113,177
6114,151
6115,177
6116,146
6117,177
6118,177
6119,177
6120,177
6121,177
6122,177
6123,1014
6124,177
6125,177
6126,861
6127,174
6128,177
6129,177
6130,1015
6131,177
6132,177
6133,714
6134,688
6135,177
6136,177
6137,177
6138,177
6139,1016
6140,177
6141,177
6142,297
6143,177
6144,177
6145,1017
6146,177
6147,1018
6148,1019
6149,177
6150,297
6151,177
6152,688
6153,177
6154,151
6155,177
6156,177
6157,151
6158,748
6159,177
6160,146
6161,752
6162,177
6163,151
6164,151
6165,151
6166,177
6167,177
6168,177
6169,755
6170,177
6171,1020
6172,177
6173,151
6174,177
6175,177
6176,177
6177,1021
6178,177
6179,861
6180,177
6181,177
6182,177
6183,861
6184,1022
6185,167
6186,177
6187,177
6188,186
6189,174
6190,177
6191,146
6192,177
6193,177
6194,146
6195,151
6196,177
6197,151
6198,174
6199,177
6200,177
6201,174
6202,177
6203,1023
6204,688
6205,1024
6206,177
6207,177
6208,861
6209,146
6210,177
6211,177
6212,177
6213,177
6214,181
6215,177
6216,177
6217,177
6218,177
6219,177
6220,177
6221,177
6222,177
6223,146
